"OLD URL (with id)","NEW URL"
taxonomy/term/1,/academics/area/continuing-education
taxonomy/term/2,/academics/area/military-related
taxonomy/term/3,/academics/area/social-sciences
taxonomy/term/4,/academics/area/health-sciences-nursing
taxonomy/term/5,/academics/area/engineering
taxonomy/term/6,/academics/area/education
taxonomy/term/7,/academics/area/computer-science-math
taxonomy/term/8,/academics/area/communication-writing
taxonomy/term/9,/academics/area/business-management
taxonomy/term/11,/academics/degree/non-credit-course
taxonomy/term/12,/academics/degree/endorsements
taxonomy/term/13,/academics/degree/minors
taxonomy/term/14,/academics/degree/masters-programs
taxonomy/term/15,/academics/degree/doctorate-ed-specialist
taxonomy/term/16,/academics/degree/certificates
taxonomy/term/17,/academics/degree/bachelors-programs
taxonomy/term/18,/taxonomy/term/110
taxonomy/term/19,/taxonomy/term/150
taxonomy/term/20,/taxonomy/term/133
taxonomy/term/21,/taxonomy/term/152
taxonomy/term/22,/taxonomy/term/383
taxonomy/term/23,/taxonomy/term/384
taxonomy/term/24,/taxonomy/term/119
taxonomy/term/25,/taxonomy/term/546
taxonomy/term/26,/taxonomy/term/172
taxonomy/term/27,/taxonomy/term/511
taxonomy/term/28,/taxonomy/term/501
taxonomy/term/30,/taxonomy/term/111
taxonomy/term/31,/taxonomy/term/127
taxonomy/term/32,/taxonomy/term/151
taxonomy/term/33,/taxonomy/term/138
taxonomy/term/34,/taxonomy/term/123
taxonomy/term/35,/taxonomy/term/134
taxonomy/term/36,/taxonomy/term/124
taxonomy/term/37,/taxonomy/term/125
taxonomy/term/38,/taxonomy/term/118
taxonomy/term/39,/taxonomy/term/149
taxonomy/term/40,/taxonomy/term/116
taxonomy/term/41,/taxonomy/term/128
taxonomy/term/42,/taxonomy/term/122
taxonomy/term/43,/taxonomy/term/117
taxonomy/term/44,/taxonomy/term/164
taxonomy/term/45,/taxonomy/term/505
taxonomy/term/46,/taxonomy/term/538
taxonomy/term/47,/taxonomy/term/320
taxonomy/term/48,/taxonomy/term/446
taxonomy/term/49,/taxonomy/term/132
taxonomy/term/50,/taxonomy/term/513
taxonomy/term/51,/taxonomy/term/516
taxonomy/term/53,/taxonomy/term/121
taxonomy/term/54,/taxonomy/term/386
taxonomy/term/55,/taxonomy/term/518
taxonomy/term/56,/taxonomy/term/506
taxonomy/term/58,/taxonomy/term/512
taxonomy/term/59,/taxonomy/term/557
taxonomy/term/60,/taxonomy/term/316
taxonomy/term/61,/taxonomy/term/193
taxonomy/term/62,/taxonomy/term/503
taxonomy/term/63,/taxonomy/term/515
taxonomy/term/64,/taxonomy/term/507
taxonomy/term/65,/taxonomy/term/510
taxonomy/term/66,/taxonomy/term/163
taxonomy/term/67,/taxonomy/term/520
taxonomy/term/68,/taxonomy/term/312
taxonomy/term/69,/taxonomy/term/392
taxonomy/term/70,/taxonomy/term/523
taxonomy/term/71,/taxonomy/term/543
taxonomy/term/72,/taxonomy/term/375
taxonomy/term/73,/taxonomy/term/514
taxonomy/term/74,/taxonomy/term/387
taxonomy/term/75,/taxonomy/term/447
taxonomy/term/76,/taxonomy/term/382
taxonomy/term/77,/taxonomy/term/309
taxonomy/term/78,/taxonomy/term/504
taxonomy/term/79,/taxonomy/term/378
taxonomy/term/80,/taxonomy/term/321
taxonomy/term/81,/taxonomy/term/519
taxonomy/term/82,/taxonomy/term/522
taxonomy/term/83,/partners/skagit-valley-college
taxonomy/term/92,/partners/peninsula-college
taxonomy/term/93,/partners/washington-state
taxonomy/term/96,/partners/danville-community-college
taxonomy/term/98,/partners/laurel-ridge-luray-page-county-center
taxonomy/term/99,/partners/reynolds-community-college
taxonomy/term/102,/partners/oceana-naval-air-station
taxonomy/term/103,/partners/naval-station-kitsap-bremerton-wa
taxonomy/term/104,/partners/southwest-virginia-higher-education-center
taxonomy/term/105,/partners/southern-virginia-higher-education-center
taxonomy/term/108,/partners/olympic-college
taxonomy/term/109,/partners/pentagon
taxonomy/term/110,/partners/naval-station-norfolk-nsn
taxonomy/term/111,/partners/joint-expeditionary-base-little-creek-ft-story
taxonomy/term/112,/partners/fort-myer
taxonomy/term/113,/partners/fort-belvoir
taxonomy/term/114,/partners/everett-naval-station
taxonomy/term/115,/partners/fort-lee
taxonomy/term/116,/partners/quantico-marine-corps-base
taxonomy/term/117,/partners/naval-base-kitsap-nbk-bangor-wa
taxonomy/term/118,/partners/virginia-western-community-college
taxonomy/term/119,/partners/southwest-virginia-community-college
taxonomy/term/120,/partners/southside-virginia-community-college-jh-daniel-campus
taxonomy/term/121,/partners/southside-virginia-community-college-christanna-campus
taxonomy/term/122,/partners/rappahannock-community-college
taxonomy/term/123,/partners/piedmont-virginia-community-college
taxonomy/term/124,/partners/patrick-henry-community-college
taxonomy/term/125,/partners/new-river-community-college
taxonomy/term/127,/partners/laurel-ridge-community-college-fauquier
taxonomy/term/128,/partners/laurel-ridge-community-college-middletown
taxonomy/term/129,/partners/brightpoint-community-college
taxonomy/term/130,/partners/germanna-community-college
taxonomy/term/131,/partners/eastern-shore-community-college
taxonomy/term/132,/partners/central-virginia-community-college
taxonomy/term/133,/partners/blue-ridge-community-college
taxonomy/term/134,/partners/online-not-partner-specific
taxonomy/term/135,/partners/odu-main-campus-norfolk
taxonomy/term/136,/partners/langley-air-force-base
taxonomy/term/137,/partners/fort-eustis
taxonomy/term/139,/partners/odu-dahlgren
taxonomy/term/140,/partners/wytheville-community-college
taxonomy/term/141,/taxonomy/term/137
taxonomy/term/142,/taxonomy/term/126
taxonomy/term/146,/taxonomy/term/120
taxonomy/term/147,/taxonomy/term/130
taxonomy/term/148,/taxonomy/term/72
taxonomy/term/149,/taxonomy/term/108
taxonomy/term/150,/taxonomy/term/50
taxonomy/term/151,/taxonomy/term/51
taxonomy/term/152,/taxonomy/term/88
taxonomy/term/153,/taxonomy/term/104
taxonomy/term/154,/taxonomy/term/314
taxonomy/term/155,/taxonomy/term/106
taxonomy/term/156,/taxonomy/term/109
taxonomy/term/157,/taxonomy/term/93
taxonomy/term/158,/taxonomy/term/52
taxonomy/term/159,/taxonomy/term/84
taxonomy/term/160,/taxonomy/term/105
taxonomy/term/161,/taxonomy/term/28
taxonomy/term/162,/taxonomy/term/29
taxonomy/term/163,/taxonomy/term/301
taxonomy/term/164,/taxonomy/term/87
taxonomy/term/165,/taxonomy/term/63
taxonomy/term/166,/taxonomy/term/310
taxonomy/term/167,/taxonomy/term/388
taxonomy/term/168,/taxonomy/term/102
taxonomy/term/169,/taxonomy/term/90
taxonomy/term/170,/taxonomy/term/542
taxonomy/term/171,/taxonomy/term/547
taxonomy/term/172,/taxonomy/term/304
taxonomy/term/173,/taxonomy/term/318
taxonomy/term/174,/taxonomy/term/539
taxonomy/term/175,/taxonomy/term/319
taxonomy/term/176,/taxonomy/term/558
taxonomy/term/177,/taxonomy/term/80
taxonomy/term/178,/taxonomy/term/509
taxonomy/term/179,/taxonomy/term/48
taxonomy/term/180,/taxonomy/term/30
taxonomy/term/181,/taxonomy/term/49
taxonomy/term/182,/taxonomy/term/53
taxonomy/term/183,/taxonomy/term/114
taxonomy/term/184,/taxonomy/term/168
taxonomy/term/185,/taxonomy/term/112
taxonomy/term/186,/taxonomy/term/162
taxonomy/term/187,/taxonomy/term/115
taxonomy/term/188,/taxonomy/term/173
taxonomy/term/189,/taxonomy/term/194
taxonomy/term/190,/taxonomy/term/541
taxonomy/term/191,/taxonomy/term/135
taxonomy/term/193,/taxonomy/term/141
taxonomy/term/194,/taxonomy/term/156
taxonomy/term/195,/taxonomy/term/549
taxonomy/term/196,/taxonomy/term/65
taxonomy/term/198,/taxonomy/term/92
taxonomy/term/204,/taxonomy/term/59
taxonomy/term/205,/taxonomy/term/103
taxonomy/term/207,/taxonomy/term/74
taxonomy/term/208,/taxonomy/term/85
taxonomy/term/210,/taxonomy/term/66
taxonomy/term/211,/taxonomy/term/70
taxonomy/term/213,/taxonomy/term/68
taxonomy/term/217,/taxonomy/term/45
taxonomy/term/218,/taxonomy/term/95
taxonomy/term/219,/taxonomy/term/100
taxonomy/term/220,/taxonomy/term/26
taxonomy/term/221,/taxonomy/term/44
taxonomy/term/222,/taxonomy/term/60
taxonomy/term/225,/taxonomy/term/46
taxonomy/term/227,/taxonomy/term/94
taxonomy/term/230,/taxonomy/term/89
taxonomy/term/233,/taxonomy/term/101
taxonomy/term/235,/taxonomy/term/75
taxonomy/term/238,/taxonomy/term/35
taxonomy/term/240,/taxonomy/term/97
taxonomy/term/241,/taxonomy/term/62
taxonomy/term/242,/taxonomy/term/71
taxonomy/term/243,/taxonomy/term/33
taxonomy/term/244,/taxonomy/term/517
taxonomy/term/245,/taxonomy/term/55
taxonomy/term/251,/taxonomy/term/83
taxonomy/term/259,/taxonomy/term/38
taxonomy/term/270,/taxonomy/term/82
taxonomy/term/274,/taxonomy/term/76
taxonomy/term/277,/taxonomy/term/305
taxonomy/term/291,/taxonomy/term/544
taxonomy/term/297,/taxonomy/term/73
taxonomy/term/300,/taxonomy/term/552
taxonomy/term/304,/taxonomy/term/58
taxonomy/term/305,/taxonomy/term/79
taxonomy/term/309,/taxonomy/term/86
taxonomy/term/311,/taxonomy/term/77
taxonomy/term/315,/taxonomy/term/311
taxonomy/term/317,/taxonomy/term/78
taxonomy/term/318,/taxonomy/term/57
taxonomy/term/323,/taxonomy/term/107
taxonomy/term/338,/taxonomy/term/553
taxonomy/term/343,/taxonomy/term/40
taxonomy/term/345,/taxonomy/term/376
taxonomy/term/347,/taxonomy/term/61
taxonomy/term/348,/taxonomy/term/91
taxonomy/term/349,/taxonomy/term/47
taxonomy/term/352,/taxonomy/term/99
taxonomy/term/353,/taxonomy/term/96
taxonomy/term/357,/taxonomy/term/140
taxonomy/term/360,/taxonomy/term/64
taxonomy/term/363,/taxonomy/term/56
taxonomy/term/368,/taxonomy/term/81
taxonomy/term/369,/taxonomy/term/67
taxonomy/term/376,/taxonomy/term/69
taxonomy/term/378,/taxonomy/term/307
taxonomy/term/379,/taxonomy/term/98
taxonomy/term/382,/partners/virginia-beach-higher-education-center
taxonomy/term/385,/taxonomy/term/27
taxonomy/term/386,/taxonomy/term/574
taxonomy/term/387,/taxonomy/term/570
taxonomy/term/388,/taxonomy/term/577
taxonomy/term/389,/taxonomy/term/560
taxonomy/term/390,/taxonomy/term/559
taxonomy/term/391,/taxonomy/term/573
taxonomy/term/392,/taxonomy/term/581
taxonomy/term/393,/taxonomy/term/578
taxonomy/term/394,/taxonomy/term/571
taxonomy/term/395,/taxonomy/term/566
taxonomy/term/397,/taxonomy/term/580
taxonomy/term/398,/taxonomy/term/583
taxonomy/term/399,/taxonomy/term/575
taxonomy/term/400,/taxonomy/term/129
taxonomy/term/401,/taxonomy/term/113
taxonomy/term/403,/taxonomy/term/582
taxonomy/term/404,/taxonomy/term/572
taxonomy/term/405,/taxonomy/term/568
taxonomy/term/406,/taxonomy/term/569
taxonomy/term/407,/taxonomy/term/561
taxonomy/term/409,/taxonomy/term/191
taxonomy/term/410,/taxonomy/term/380
taxonomy/term/411,/taxonomy/term/313
taxonomy/term/412,/taxonomy/term/381
taxonomy/term/413,/taxonomy/term/390
taxonomy/term/414,/partners/tidewater-community-college
taxonomy/term/416,/taxonomy/term/521
taxonomy/term/417,/taxonomy/term/508
taxonomy/term/426,/about-us/state-authorization-licensure/licensure/state/al
taxonomy/term/427,/about-us/state-authorization-licensure/licensure/state/ak
taxonomy/term/428,/about-us/state-authorization-licensure/licensure/state/az
taxonomy/term/429,/about-us/state-authorization-licensure/licensure/state/ar
taxonomy/term/430,/about-us/state-authorization-licensure/licensure/state/ca
taxonomy/term/431,/about-us/state-authorization-licensure/licensure/state/co
taxonomy/term/432,/about-us/state-authorization-licensure/licensure/state/ct
taxonomy/term/433,/about-us/state-authorization-licensure/licensure/state/de
taxonomy/term/434,/about-us/state-authorization-licensure/licensure/state/dc
taxonomy/term/435,/about-us/state-authorization-licensure/licensure/state/fl
taxonomy/term/436,/about-us/state-authorization-licensure/licensure/state/ga
taxonomy/term/437,/about-us/state-authorization-licensure/licensure/state/hi
taxonomy/term/438,/about-us/state-authorization-licensure/licensure/state/id
taxonomy/term/439,/about-us/state-authorization-licensure/licensure/state/il
taxonomy/term/440,/about-us/state-authorization-licensure/licensure/state/in
taxonomy/term/441,/about-us/state-authorization-licensure/licensure/state/ia
taxonomy/term/442,/about-us/state-authorization-licensure/licensure/state/ks
taxonomy/term/443,/about-us/state-authorization-licensure/licensure/state/ky
taxonomy/term/444,/about-us/state-authorization-licensure/licensure/state/la
taxonomy/term/445,/about-us/state-authorization-licensure/licensure/state/me
taxonomy/term/446,/about-us/state-authorization-licensure/licensure/state/md
taxonomy/term/447,/about-us/state-authorization-licensure/licensure/state/ma
taxonomy/term/448,/about-us/state-authorization-licensure/licensure/state/mi
taxonomy/term/449,/about-us/state-authorization-licensure/licensure/state/mn
taxonomy/term/450,/about-us/state-authorization-licensure/licensure/state/ms
taxonomy/term/451,/about-us/state-authorization-licensure/licensure/state/mo
taxonomy/term/452,/about-us/state-authorization-licensure/licensure/state/mt
taxonomy/term/453,/about-us/state-authorization-licensure/licensure/state/ne
taxonomy/term/454,/about-us/state-authorization-licensure/licensure/state/nv
taxonomy/term/455,/about-us/state-authorization-licensure/licensure/state/nh
taxonomy/term/456,/about-us/state-authorization-licensure/licensure/state/nj
taxonomy/term/457,/about-us/state-authorization-licensure/licensure/state/nm
taxonomy/term/458,/about-us/state-authorization-licensure/licensure/state/ny
taxonomy/term/459,/about-us/state-authorization-licensure/licensure/state/nc
taxonomy/term/460,/about-us/state-authorization-licensure/licensure/state/nd
taxonomy/term/461,/about-us/state-authorization-licensure/licensure/state/oh
taxonomy/term/462,/about-us/state-authorization-licensure/licensure/state/ok
taxonomy/term/463,/about-us/state-authorization-licensure/licensure/state/or
taxonomy/term/464,/about-us/state-authorization-licensure/licensure/state/pa
taxonomy/term/465,/about-us/state-authorization-licensure/licensure/state/ri
taxonomy/term/466,/about-us/state-authorization-licensure/licensure/state/sc
taxonomy/term/467,/about-us/state-authorization-licensure/licensure/state/sd
taxonomy/term/468,/about-us/state-authorization-licensure/licensure/state/tn
taxonomy/term/469,/about-us/state-authorization-licensure/licensure/state/tx
taxonomy/term/470,/about-us/state-authorization-licensure/licensure/state/ut
taxonomy/term/471,/about-us/state-authorization-licensure/licensure/state/vt
taxonomy/term/472,/about-us/state-authorization-licensure/licensure/state/va
taxonomy/term/473,/about-us/state-authorization-licensure/licensure/state/wa
taxonomy/term/474,/about-us/state-authorization-licensure/licensure/state/wv
taxonomy/term/475,/about-us/state-authorization-licensure/licensure/state/wi
taxonomy/term/476,/about-us/state-authorization-licensure/licensure/state/wy
taxonomy/term/477,/about-us/state-authorization-licensure/licensure/state/pr
taxonomy/term/478,/taxonomy/term/394
taxonomy/term/479,/taxonomy/term/393
taxonomy/term/480,/taxonomy/term/396
taxonomy/term/481,/taxonomy/term/395
taxonomy/term/482,/taxonomy/term/397
taxonomy/term/483,/taxonomy/term/398
taxonomy/term/484,/taxonomy/term/399
taxonomy/term/485,/taxonomy/term/401
taxonomy/term/486,/taxonomy/term/400
taxonomy/term/487,/taxonomy/term/402
taxonomy/term/488,/taxonomy/term/526
taxonomy/term/489,/taxonomy/term/403
taxonomy/term/490,/taxonomy/term/404
taxonomy/term/491,/taxonomy/term/445
taxonomy/term/492,/taxonomy/term/406
taxonomy/term/493,/taxonomy/term/336
taxonomy/term/494,/taxonomy/term/407
taxonomy/term/495,/taxonomy/term/405
taxonomy/term/496,/taxonomy/term/408
taxonomy/term/497,/taxonomy/term/409
taxonomy/term/498,/taxonomy/term/410
taxonomy/term/499,/taxonomy/term/413
taxonomy/term/500,/taxonomy/term/412
taxonomy/term/501,/taxonomy/term/411
taxonomy/term/502,/taxonomy/term/414
taxonomy/term/503,/taxonomy/term/415
taxonomy/term/504,/taxonomy/term/417
taxonomy/term/505,/taxonomy/term/416
taxonomy/term/506,/taxonomy/term/418
taxonomy/term/507,/taxonomy/term/421
taxonomy/term/508,/taxonomy/term/425
taxonomy/term/509,/taxonomy/term/422
taxonomy/term/510,/taxonomy/term/524
taxonomy/term/511,/taxonomy/term/352
taxonomy/term/512,/taxonomy/term/423
taxonomy/term/513,/taxonomy/term/424
taxonomy/term/514,/taxonomy/term/426
taxonomy/term/515,/taxonomy/term/356
taxonomy/term/516,/taxonomy/term/533
taxonomy/term/517,/taxonomy/term/419
taxonomy/term/518,/taxonomy/term/420
taxonomy/term/519,/taxonomy/term/427
taxonomy/term/520,/taxonomy/term/428
taxonomy/term/521,/taxonomy/term/429
taxonomy/term/522,/taxonomy/term/430
taxonomy/term/523,/taxonomy/term/360
taxonomy/term/524,/taxonomy/term/431
taxonomy/term/525,/taxonomy/term/432
taxonomy/term/526,/taxonomy/term/433
taxonomy/term/527,/taxonomy/term/363
taxonomy/term/528,/taxonomy/term/434
taxonomy/term/529,/taxonomy/term/435
taxonomy/term/530,/taxonomy/term/436
taxonomy/term/531,/taxonomy/term/437
taxonomy/term/532,/taxonomy/term/367
taxonomy/term/533,/taxonomy/term/525
taxonomy/term/534,/taxonomy/term/440
taxonomy/term/535,/taxonomy/term/444
taxonomy/term/536,/taxonomy/term/442
taxonomy/term/537,/taxonomy/term/498
taxonomy/term/538,/taxonomy/term/372
taxonomy/term/539,/taxonomy/term/443
taxonomy/term/540,/taxonomy/term/441
taxonomy/term/541,/taxonomy/term/438
taxonomy/term/542,/taxonomy/term/494
taxonomy/term/543,/taxonomy/term/439
taxonomy/term/544,/about-us/state-authorization-licensure/licensure/state/vi
taxonomy/term/545,/taxonomy/term/197
taxonomy/term/546,/taxonomy/term/195
taxonomy/term/547,/taxonomy/term/201
taxonomy/term/548,/taxonomy/term/199
taxonomy/term/549,/taxonomy/term/203
taxonomy/term/550,/taxonomy/term/205
taxonomy/term/551,/taxonomy/term/207
taxonomy/term/552,/taxonomy/term/211
taxonomy/term/553,/taxonomy/term/209
taxonomy/term/554,/taxonomy/term/213
taxonomy/term/555,/taxonomy/term/215
taxonomy/term/556,/taxonomy/term/217
taxonomy/term/557,/taxonomy/term/221
taxonomy/term/558,/taxonomy/term/223
taxonomy/term/559,/taxonomy/term/225
taxonomy/term/560,/taxonomy/term/219
taxonomy/term/561,/taxonomy/term/227
taxonomy/term/562,/taxonomy/term/229
taxonomy/term/563,/taxonomy/term/231
taxonomy/term/564,/taxonomy/term/237
taxonomy/term/565,/taxonomy/term/235
taxonomy/term/566,/taxonomy/term/233
taxonomy/term/567,/taxonomy/term/239
taxonomy/term/568,/taxonomy/term/241
taxonomy/term/569,/taxonomy/term/245
taxonomy/term/570,/taxonomy/term/243
taxonomy/term/571,/taxonomy/term/247
taxonomy/term/572,/taxonomy/term/253
taxonomy/term/573,/taxonomy/term/261
taxonomy/term/574,/taxonomy/term/255
taxonomy/term/575,/taxonomy/term/257
taxonomy/term/576,/taxonomy/term/259
taxonomy/term/577,/taxonomy/term/263
taxonomy/term/578,/taxonomy/term/249
taxonomy/term/579,/taxonomy/term/251
taxonomy/term/580,/taxonomy/term/265
taxonomy/term/581,/taxonomy/term/267
taxonomy/term/582,/taxonomy/term/269
taxonomy/term/583,/taxonomy/term/271
taxonomy/term/584,/taxonomy/term/273
taxonomy/term/585,/taxonomy/term/275
taxonomy/term/586,/taxonomy/term/277
taxonomy/term/587,/taxonomy/term/279
taxonomy/term/588,/taxonomy/term/281
taxonomy/term/589,/taxonomy/term/283
taxonomy/term/590,/taxonomy/term/289
taxonomy/term/591,/taxonomy/term/285
taxonomy/term/592,/taxonomy/term/291
taxonomy/term/593,/taxonomy/term/287
taxonomy/term/594,/taxonomy/term/293
taxonomy/term/595,/taxonomy/term/297
taxonomy/term/596,/taxonomy/term/295
taxonomy/term/597,/taxonomy/term/299
taxonomy/term/598,/taxonomy/term/528
taxonomy/term/599,/taxonomy/term/530
taxonomy/term/600,/taxonomy/term/527
taxonomy/term/601,/taxonomy/term/529
taxonomy/term/602,/taxonomy/term/532
taxonomy/term/603,/taxonomy/term/531
taxonomy/term/604,/taxonomy/term/534
taxonomy/term/605,/taxonomy/term/535
taxonomy/term/606,/taxonomy/term/536
taxonomy/term/607,/taxonomy/term/323
taxonomy/term/608,/taxonomy/term/353
taxonomy/term/609,/taxonomy/term/322
taxonomy/term/610,/taxonomy/term/325
taxonomy/term/611,/taxonomy/term/324
taxonomy/term/612,/taxonomy/term/326
taxonomy/term/613,/taxonomy/term/327
taxonomy/term/614,/taxonomy/term/328
taxonomy/term/615,/taxonomy/term/330
taxonomy/term/616,/taxonomy/term/329
taxonomy/term/617,/taxonomy/term/331
taxonomy/term/618,/taxonomy/term/332
taxonomy/term/619,/taxonomy/term/333
taxonomy/term/620,/taxonomy/term/335
taxonomy/term/621,/taxonomy/term/337
taxonomy/term/622,/taxonomy/term/334
taxonomy/term/623,/taxonomy/term/338
taxonomy/term/624,/taxonomy/term/339
taxonomy/term/625,/taxonomy/term/340
taxonomy/term/626,/taxonomy/term/343
taxonomy/term/627,/taxonomy/term/342
taxonomy/term/628,/taxonomy/term/341
taxonomy/term/629,/taxonomy/term/344
taxonomy/term/630,/taxonomy/term/345
taxonomy/term/631,/taxonomy/term/346
taxonomy/term/632,/taxonomy/term/347
taxonomy/term/633,/taxonomy/term/348
taxonomy/term/634,/taxonomy/term/351
taxonomy/term/635,/taxonomy/term/355
taxonomy/term/636,/taxonomy/term/354
taxonomy/term/637,/taxonomy/term/349
taxonomy/term/638,/taxonomy/term/350
taxonomy/term/639,/taxonomy/term/357
taxonomy/term/640,/taxonomy/term/358
taxonomy/term/641,/taxonomy/term/359
taxonomy/term/642,/taxonomy/term/361
taxonomy/term/643,/taxonomy/term/362
taxonomy/term/644,/taxonomy/term/364
taxonomy/term/645,/taxonomy/term/365
taxonomy/term/646,/taxonomy/term/366
taxonomy/term/647,/taxonomy/term/370
taxonomy/term/648,/taxonomy/term/369
taxonomy/term/649,/taxonomy/term/368
taxonomy/term/650,/taxonomy/term/371
taxonomy/term/651,/taxonomy/term/373
taxonomy/term/652,/taxonomy/term/374
taxonomy/term/653,/taxonomy/term/449
taxonomy/term/654,/taxonomy/term/448
taxonomy/term/655,/taxonomy/term/451
taxonomy/term/656,/taxonomy/term/450
taxonomy/term/657,/taxonomy/term/452
taxonomy/term/658,/taxonomy/term/454
taxonomy/term/659,/taxonomy/term/453
taxonomy/term/660,/taxonomy/term/456
taxonomy/term/661,/taxonomy/term/455
taxonomy/term/662,/taxonomy/term/457
taxonomy/term/663,/taxonomy/term/458
taxonomy/term/664,/taxonomy/term/459
taxonomy/term/665,/taxonomy/term/461
taxonomy/term/666,/taxonomy/term/462
taxonomy/term/667,/taxonomy/term/463
taxonomy/term/668,/taxonomy/term/460
taxonomy/term/669,/taxonomy/term/464
taxonomy/term/670,/taxonomy/term/465
taxonomy/term/671,/taxonomy/term/466
taxonomy/term/672,/taxonomy/term/469
taxonomy/term/673,/taxonomy/term/467
taxonomy/term/674,/taxonomy/term/468
taxonomy/term/675,/taxonomy/term/470
taxonomy/term/676,/taxonomy/term/471
taxonomy/term/677,/taxonomy/term/473
taxonomy/term/678,/taxonomy/term/472
taxonomy/term/679,/taxonomy/term/474
taxonomy/term/680,/taxonomy/term/481
taxonomy/term/681,/taxonomy/term/477
taxonomy/term/682,/taxonomy/term/478
taxonomy/term/683,/taxonomy/term/479
taxonomy/term/684,/taxonomy/term/480
taxonomy/term/685,/taxonomy/term/482
taxonomy/term/686,/taxonomy/term/475
taxonomy/term/687,/taxonomy/term/476
taxonomy/term/688,/taxonomy/term/483
taxonomy/term/689,/taxonomy/term/484
taxonomy/term/690,/taxonomy/term/485
taxonomy/term/691,/taxonomy/term/486
taxonomy/term/692,/taxonomy/term/487
taxonomy/term/693,/taxonomy/term/488
taxonomy/term/694,/taxonomy/term/489
taxonomy/term/695,/taxonomy/term/490
taxonomy/term/696,/taxonomy/term/491
taxonomy/term/697,/taxonomy/term/492
taxonomy/term/698,/taxonomy/term/493
taxonomy/term/699,/taxonomy/term/496
taxonomy/term/700,/taxonomy/term/495
taxonomy/term/701,/taxonomy/term/497
taxonomy/term/702,/taxonomy/term/499
taxonomy/term/704,/taxonomy/term/500
taxonomy/term/706,/taxonomy/term/9
taxonomy/term/707,/taxonomy/term/11
taxonomy/term/708,/taxonomy/term/16
taxonomy/term/710,/taxonomy/term/4
taxonomy/term/711,/taxonomy/term/2
taxonomy/term/712,/taxonomy/term/19
taxonomy/term/714,/taxonomy/term/17
taxonomy/term/715,/taxonomy/term/12
taxonomy/term/716,/taxonomy/term/1
taxonomy/term/717,/taxonomy/term/13
taxonomy/term/718,/taxonomy/term/15
taxonomy/term/719,/taxonomy/term/8
taxonomy/term/720,/taxonomy/term/10
taxonomy/term/721,/taxonomy/term/7
taxonomy/term/722,/taxonomy/term/14
taxonomy/term/723,/taxonomy/term/6
taxonomy/term/724,/taxonomy/term/3
taxonomy/term/726,/taxonomy/term/502
taxonomy/term/728,/taxonomy/term/576
taxonomy/term/729,/taxonomy/term/563
taxonomy/term/730,/taxonomy/term/562
taxonomy/term/731,/taxonomy/term/548
taxonomy/term/732,/taxonomy/term/554
taxonomy/term/733,/academics/area/natural-sciences
taxonomy/term/734,/taxonomy/term/537
taxonomy/term/789,/taxonomy/term/18
taxonomy/term/790,/taxonomy/term/5
taxonomy/term/793,/taxonomy/term/131
taxonomy/term/805,/taxonomy/term/556
taxonomy/term/806,/taxonomy/term/555
taxonomy/term/807,/taxonomy/term/565
taxonomy/term/808,/taxonomy/term/579
taxonomy/term/809,/resources/category/study-tips
taxonomy/term/810,/resources/category/careers
taxonomy/term/811,/resources/category/adult-learners
taxonomy/term/812,/resources/category/starting-college
taxonomy/term/813,/taxonomy/term/32
taxonomy/term/814,/taxonomy/term/25
taxonomy/term/815,/taxonomy/term/42
taxonomy/term/817,/taxonomy/term/43
taxonomy/term/818,/taxonomy/term/22
taxonomy/term/819,/taxonomy/term/37
taxonomy/term/821,/taxonomy/term/567
taxonomy/term/822,/taxonomy/term/54
taxonomy/term/824,/taxonomy/term/564
taxonomy/term/825,/taxonomy/term/302
taxonomy/term/826,/taxonomy/term/584
node/1,/news/oduonline-awesome-films-win-telly-award
node/2,/news/oduonline-student-represents-virginia-national-radiology-conference
node/3,/news/international-student-will-use-oduonline-scholarship-funds-study-data-security
node/4,/news/old-dominion-university-cut-undergraduate-tuition-active-duty-military
node/5,/news/30-oduonline-students-inducted-tau-sigma-honor-society
node/6,/news/odu-ranked-2018-best-and-most-affordable-online-colleges-human-services
node/7,/news/odu-ranked-military-friendly-university-ninth-straight-year
node/8,/news/odu-virginia-appalachian-tricollege-nursing-program-partner-online-program
node/9,/news/odu-partners-college-albemarle-concurrent-rn-bsn
node/10,/news/oduonline-ranked-again-us-news-world-report-best-online-programs
node/11,/news/nova-and-old-dominion-university-sign-guaranteed-transfer-and-cybersecurity-agreements
node/12,/news/forever-gi-bill-allows-flexible-learning-opportunities
node/13,/news/odu-rn-bsn-expands-options
node/14,/news/odu-student-wins-scholarship-modeling-and-simulation-studies
node/15,/news/oduonline-associate-vp-receives-board-appointment
node/16,/news/join-green-dot-movement-september-26
node/17,/news/old-dominion-university-named-school-distinction-honoring-quality-online-learning
node/18,/news/phd-graduate-finds-support-oduonline-classmates-staff
node/19,/news/community-colleges-host-odu-graduates-local-ceremonies
node/20,/news/quizzes-hospital-room-how-new-dad-earned-his-degree-oduonline
node/21,/news/maritime-researchers-receive-international-recognition
node/22,/news/us-news-ranks-odu-mba-among-best-online-programs
node/23,/news/us-news-ranks-odu-among-best-online-programs
node/24,/news/odus-darden-college-education-named-best-online-masters-degree-list
node/25,/news/old-dominion-university-best-vets-rankings-fifth-year-row
node/26,/news/us-news-ranking-puts-odu-top-tier-national-universities
node/28,/news/odu-ranks-nationally-best-online-masters-healthcare-administration-degree-programs
node/29,/news/odu-delegation-makes-connections-prestigious-german-trade-show
node/30,/news/old-dominion-university-listed-among-best-online-colleges-usa-and-virginia
node/31,/news/old-dominion-university-joins-largest-ever-us-business-delegation-2016-hannover-messe
node/32,/news/hester-among-20-engineering-management-faculty-know
node/33,/news/old-dominions-online-mba-program-receives-national-ranking
node/34,/news/odus-msve-program-countrys-first-earn-abet-accreditation
node/35,/news/strome-college-business-mba-ranked-nationally-bloomberg-businessweek-and-aco
node/36,/news/oduonline-rn-bsn-and-msn-programs-ranked-highly-value-colleges
node/37,/news/odu-included-best-online-colleges-virginia-2015
node/38,/news/app-developed-odu-computer-science-student-gamifies-learning
node/39,/news/odu-recognized-thebestschoolsorg-50-best-online-colleges-2015-2016
node/40,/news/odu-distance-learning-contributes-upcea-guidebook-hallmarks-excellence-online-leadership
node/41,/news/odu-named-list-50-best-value-online-colleges
node/42,/news/old-dominions-strome-college-business-named-among-countrys-best-business-schools-veterans
node/43,/news/odu-offers-online-programs-aligned-president-obamas-techhire-initiative
node/44,/news/odus-online-bachelors-degree-programs-increase-national-ranking
node/45,/news/partnership-grows-odu-and-naval-center-dahlgren
node/46,/news/odu-moves-satellite-online-distance-learning
node/47,/news/sample-news-page
node/48,/news/graduate-certificate-public-procurement-and-contract-management-program-gains-accreditation
node/49,/news/odu-online-programs-ranked-top-25-nationally-affordable-colleges-online
node/50,/news/odu-nationally-ranked-among-best-business-schools-veterans
node/51,/news/accolades-odu-2014-us-news-world-report-rankings
node/52,/news/superscholar-website-ranks-odus-engineering-management-program-fifth-nation
node/53,/news/odus-online-programs-ranked-highest-virginia-quality-and-affordability
node/54,/news/odu-named-top-military-friendly-school-military-advanced-education
node/55,/news/odus-online-programs-are-named-national-best-buys
node/56,/news/victory-media-names-old-dominion-university-military-friendly-schoolr-2014
node/57,/news/community-college-leadership-students-come-across-country-campus-summer-institute
node/58,/news/family-fits-graduate-studies-busy-lives
node/59,/news/us-news-world-report-recognizes-odu-online-programs
node/60,/news/old-dominions-2012-customer-relations-employee-year
node/61,/news/rebecca-gilbert-graduates-perfect-gpa-both-bsn-and-msn-programs
node/62,/news/new-online-faculty-learning-community-encourages-professional-development
node/63,/news/odu-honored-military-friendly-school-fourth-year-row
node/64,/news/employee-month-award-goes-assistant-site-director-wcc-distance-learning-site
node/65,/news/odu-gets-top-10-rankings-us-news-survey-online-graduate-programs
node/66,/news/schev-provides-link-between-service-members-and-college-education-virginia
node/67,/news/tuition-assistance-military-students-continues
node/68,/news/master-engineering-management-top-ranked-nation
node/69,/news/odu-honored-military-friendly-school-2012
node/70,/news/adjustments-academic-calendar
node/71,/news/good-news-active-duty-military-and-spouses-virginia
node/72,/staff/ashley-brice
node/73,/staff/darith-pen
node/74,/staff/tracy-munoz
node/75,/staff/katy-larkin
node/76,/staff/yan-zhang
node/77,/staff/jenna-welch
node/78,/staff/david-simpson
node/79,/staff/michael-handle
node/80,/staff/hatice-murphy
node/81,/staff/david-aubuchon
node/82,/staff/laura-stevens
node/83,/staff/colette-thompson
node/84,/staff/amanda-freeze
node/85,/staff/pam-martin
node/86,/staff/melody-velger
node/87,/staff/jyothi-gummadi
node/88,/staff/bobbie-martinez
node/89,/staff/elise-coleman-white
node/90,/staff/mark-altamero
node/91,/staff/yalana-orr
node/92,/staff/bethany-moore
node/93,/staff/kimberly-williams
node/94,/staff/emily-kennedy
node/95,/staff/tamika-smith
node/96,/staff/christina-drake
node/97,/staff/sara-holdsworth
node/98,/staff/lauren-philip
node/99,/staff/nnamdi-small
node/100,/staff/pilar-white
node/101,/staff/jaimie-buster
node/102,/staff/james-coaxum
node/103,/staff/matthew-levy
node/104,/staff/marian-villaman-chodi
node/105,/staff/morgan-morrison
node/106,/staff/jessica-hill
node/107,/staff/james-tripp
node/108,/staff/kathy-holland
node/109,/staff/kanika-allen
node/110,/staff/bridget-spencer
node/111,/staff/jennifer-george
node/112,/staff/landon-cooper
node/113,/staff/sarah-darrow
node/114,/staff/candace-whitehurst
node/115,/staff/demetrice-smith
node/116,/staff/kristyn-rose
node/117,/staff/dean-claud
node/118,/staff/tammy-groves
node/119,/staff/gabriel-rodriguez
node/120,/staff/matthew-hart
node/121,/staff/jesse-torres
node/122,/staff/diego-zuniga
node/123,/staff/donna-small
node/124,/staff/lisa-sansone
node/125,/staff/william-chambers
node/126,/staff/marcy-mihalec
node/127,/staff/angela-cvetkovski
node/128,/staff/claudette-borgersen
node/129,/staff/sherrita-clark
node/130,/staff/kentoya-garcia
node/131,/staff/jim-shaeffer
node/132,/staff/joyce-greer
node/133,/staff/judith-clardy
node/134,/staff/andrea-collier
node/135,/staff/bonnie-drake
node/136,/staff/brenda-smith
node/137,/staff/melissa-brothers
node/138,/staff/tina-strouth
node/139,/staff/paula-athey
node/140,/staff/jen-daniels-knuuti
node/141,/staff/sierra-lotts
node/142,/staff/arthur-beltran
node/143,/staff/darlene-smith
node/144,/staff/tiana-mangual
node/145,/staff/missy-magerkorth
node/146,/staff/marion-miller
node/147,/staff/rachel-jones
node/148,/staff/spring-brennan
node/149,/staff/wenting-jiang
node/150,/staff/mitsue-shiokawa
node/151,/staff/cheli-scott
node/152,/staff/aseneth-lewis
node/153,/staff/brooke-brown
node/154,/staff/dale-amos
node/155,/staff/ana-redstone
node/156,/staff/stephanie-currin
node/157,/staff/tracie-ortiz
node/158,/staff/jenny-girard
node/159,/staff/bill-nuckols
node/160,/staff/valerie-de-costa
node/161,/staff/faisal-mahmud
node/162,/staff/jackie-pierce
node/163,/staff/christine-nickel
node/164,/staff/robert-hoffman
node/165,/staff/todd-marville
node/166,/staff/tawanda-dugger
node/167,/staff/andrea-houston
node/169,/staff/ray-jillard
node/170,/staff/nicole-moore
node/171,/staff/danielle-jessee
node/172,/staff/kimberley-williams
node/173,/staff/enjolina-hicks
node/174,/staff/liza-king
node/175,/staff/sharon-lycett
node/176,/staff/shiwei-jiang
node/177,/staff/christy-low
node/178,/staff/dan-greenwood
node/179,/staff/katlin-kitchen
node/180,/staff/oequan-smith
node/181,/staff/tanya-tyler
node/182,/staff/wayne-mitchell
node/183,/staff/hannah-guarino
node/184,/staff/bob-mccoy
node/185,/staff/andre-wiggins
node/186,/staff/duane-sharpe
node/187,/staff/odu-vb-enrollment-services
node/188,/staff/lisa-kivin
node/189,/staff/joshua-price
node/190,/staff/tammy-dodson
node/191,/staff/cheryl-cushing-oman
node/192,/staff/susan-latham
node/193,/staff/joy-fisher-sykes
node/194,/staff/paul-bunn
node/195,/staff/idalia-reyna
node/196,/staff/kevin-sariri
node/197,/staff/joyce-armstrong
node/198,/staff/cynthia-lovegrove
node/199,/staff/brian-williamson
node/200,/staff/glenda-warner
node/201,/staff/loreta-ulmer
node/202,/staff/lauren-sundarajan
node/203,/staff/jason-silverstein
node/204,/staff/justin-rawls
node/205,/staff/christian-chi-pucher
node/206,/staff/carter-perry
node/207,/staff/deborah-norris
node/208,/staff/heidi-morris
node/209,/staff/bertha-mebane
node/210,/staff/dexter-marcelino
node/211,/staff/fred-huffman-jr
node/212,/staff/carolyn-hill-kinney
node/213,/staff/stuart-gordon
node/214,/staff/vicki-goldrich
node/215,/staff/alison-schoew
node/216,/staff/jacky-gray
node/217,/staff/yong-chen
node/218,/staff/jeanette-hicks
node/219,/staff/chris-brown
node/220,/staff/susan-boze
node/221,/staff/taya-barnett
node/222,/staff/kimberlie-cochran
node/223,/staff/harry-boucicaut
node/224,/staff/guy-williams
node/225,/staff/kim-payne
node/226,/staff/linda-harvey
node/227,/staff/duane-gallon
node/228,/staff/kirby-broyles
node/229,/staff/jerry-harrell
node/230,/staff/debi-lane
node/231,/staff/june-ritchie
node/232,/staff/mhammed-abdous
node/233,/staff/david-radcliffe
node/234,/staff/miguel-ramlatchan
node/235,/staff/sabrina-bruno
node/236,/staff/susan-p-kenter
node/237,/staff/heather-huling
node/238,/staff/andy-casiello
node/239,/staff/jackie-lewis
node/240,/staff/jessica-shelton
node/241,/staff/glenda-martin
node/242,/staff/loretta-white
node/243,/staff/eunice-vaughan
node/244,/staff/ann-martin
node/245,/staff/mark-pryor
node/246,/staff/darlene-baetz
node/247,/staff/lisa-volante
node/248,/staff/anita-wiggins-bailey
node/249,/staff/william-gideon-usn-ret
node/250,/staff/ron-woodard
node/251,/staff/rob-curry
node/252,/staff/angie-musto
node/253,/staff/beth-vipperman
node/254,/staff/doug-brown
node/255,/staff/renee-olander
node/256,/staff/connie-estep
node/257,/staff/elaine-hardin
node/258,/staff/terri-wheaton
node/259,/staff/vick-reyes
node/260,/staff/regenia-hill
node/261,/staff/marfesa-clark
node/262,/staff/pam-beatty
node/263,/staff/barbie-miller
node/264,/staff/nancy-rudolph
node/265,/staff/marena-hill-bartos
node/266,/staff/frances-dolloph
node/267,/staff/david-morgan
node/268,/staff/daphne-bell
node/269,/staff/deanna-kroner
node/270,/staff/david-mcmillan
node/271,/staff/dr-sharon-martin
node/272,/staff/kirk-dewyea
node/273,/staff/jennifer-hudson
node/274,/programs/sociology
node/275,/programs/cybersecurity-masters-degree
node/276,/programs/cybersecurity-minor
node/277,/programs/addiction-prevention-and-treatment-certificate
node/278,/programs/technology-education-endorsement
node/279,/programs/public-administration-and-policy-phd
node/280,/programs/mathematics-education-specialist-masters
node/281,/programs/mathematics-specialist-endorsement-pk-8
node/282,/programs/power-systems-engineering-technology-eet
node/283,/programs/mechatronics-systems-engineering-technology-eet
node/284,/programs/embedded-systems-engineering-technology-eet
node/285,/programs/communications-systems-engineering-technology-eet
node/286,/programs/community-college-leadership-certificate
node/287,/programs/professional-writing-grad-certificate
node/288,/programs/english-technical-writing-concentration
node/289,/programs/civil-engineering-coastal-engineering-focus
node/290,/programs/toefl-prep-course
node/291,/programs/modeling-and-simulation-engineering-minor
node/293,/programs/entrepreneurship
node/294,/programs/human-performance-technology
node/295,/programs/adult-gerontology-clinical-nurse-specialist-administrator-o
node/296,/programs/public-administration-and-policy
node/297,/programs/neonatal-clinical-nurse-specialist
node/298,/programs/pediatric-clinical-nurse-specialist
node/299,/programs/cybercrime
node/300,/programs/cybersecurity-bachelors
node/301,/programs/mission-analysis-and-engineering
node/302,/programs/non-credit/oracle-pl-sql-in-the-cloud
node/303,/programs/non-credit/oracle-database-administration-cloud
node/304,/programs/non-credit/oracle-sql-cloud-fundamentals
node/305,/programs/non-credit/oracle-java-fundamentals
node/306,/programs/non-credit/oracle-node-js
node/307,/programs/non-credit/oracle-cloud-iaas-compute-storage-fundamentals
node/308,/programs/non-credit/act-exam-prep-course
node/309,/programs/non-credit/sat-exam-prep-course
node/310,/programs/health-sciences-public-health-old
node/311,/programs/nurse-educator-certificate
node/312,/programs/nurse-executive-certificate_o
node/313,/programs/business-analytics-graduate-certificate
node/314,/programs/addiction-treatment-and-prevention-minor
node/315,/programs/environmental-engineering-masters-degree
node/316,/programs/secondary-education-for-licensed-teachers
node/317,/programs/elementary-education-for-licensed-teachers
node/318,/programs/modeling-and-simulation-engineering_o
node/319,/programs/neonatal-nurse-practitioner-online
node/320,/programs/pediatric-nurse-practitioner
node/321,/programs/non-credit/pmp-exam-prep
node/322,/programs/fundamentals-engineering-exam-preparation
node/323,/programs/reading-education-specialist-msed
node/324,/programs/literacy-coaching-cert_o
node/325,/programs/engineering-management-certificate
node/326,/programs/non-credit/gre-exam-prep
node/327,/programs/non-credit/lsat-exam-prep
node/328,/programs/secondary-education-professional-studies
node/329,/programs/non-credit/shrm-learning-system-prep-course
node/330,/programs/modeling-and-simulation-certificate
node/332,/programs/cyber-systems-security-advanced-certificate
node/333,/programs/secondary-education-6-12-post-baccalaureate-endorsement
node/334,/programs/secondary-education-6-12-with-initial-virginia-licensure
node/335,/programs/non-credit/gmat-exam-prep
node/336,/programs/non-credit/psychrometrics-physical-properties-moist-air-o
node/337,/programs/marketing-education-teaching-degree-online_o
node/338,/programs/k-12-online-teaching
node/339,/programs/occupational-and-technical-studies-career-and-technical-education
node/340,/programs/occupational-and-technical-studies-technology-education
node/341,/programs/ots-stem-education-old
node/342,/programs/project-management-cert
node/343,/programs/public-sector-leadership-certificate
node/344,/programs/leadership-degree-online
node/345,/programs/special-education-post-baccalaureate-endorsement
node/346,/programs/school-librarianship-k-12-endorsement
node/347,/programs/public-procurement-contract-management
node/348,/programs/technical-writing-ugcert
node/349,/programs/maritime-ports-and-logistics-management
node/350,/programs/global-health-certificate
node/351,/programs/virginia-licensure-elementary-education-prek-6
node/352,/programs/cybersecurity-certificate
node/353,/programs/coastal-engineering
node/354,/programs/nursing-adult-gerontology-clinical-nurse-specialist-educator
node/355,/programs/systems-engineering-masters-degree-online
node/356,/programs/sport-management
node/357,/programs/special-education-virginia-licensure-ms
node/358,/programs/special-education-masters-degree-online-o
node/359,/programs/school-librarianship-virginia-endorsement-old
node/360,/programs/school-librarianship-and-teaching-license-old
node/361,/programs/public-health-behavior-promotion-education_o
node/362,/programs/public-health-environmental-health_o
node/363,/programs/public-administration
node/365,/programs/ots-career-technical-education-teaching-old
node/366,/programs/ots-business-industry-training-o
node/367,/programs/nurse-midwifery-msn-degree-online
node/368,/programs/nurse-administrator-msn-degree-online_o
node/369,/programs/family-nurse-practitioner-degree-online
node/370,/programs/modeling-and-simulation
node/371,/programs/military-career-transition-program-virginia-teacher-licensure
node/372,/programs/mechanical-engineering-masters
node/373,/programs/secondary-education-instructional-design-technology
node/374,/programs/engineering-management-by-portable-media
node/375,/programs/elementary-education-teacher-initial-virginia-licensure-ms
node/376,/programs/electrical-computer-engineering-masters-degree
node/377,/programs/educational-leadership-administration-and-supervision
node/378,/programs/dental-hygiene-ms
node/379,/programs/computer-science-ms-degree-online
node/380,/programs/business-administration-mba
node/381,/programs/occupational-and-technical-studies-human-resource-training
node/382,/programs/dnp-nurse-executive
node/383,/programs/dnp-advanced-practice
node/384,/programs/instructional-design-technology
node/385,/programs/english-phd
node/386,/programs/educational-leadership-with-licensure
node/387,/programs/community-college-leadership
node/388,/programs/special-education-minor
node/389,/programs/psychology-minor
node/390,/programs/training-development-minor
node/391,/programs/mechanical-engineering-technology-minor
node/392,/programs/marketing-minor
node/393,/programs/management-minor
node/394,/programs/information-systems-technology-minor
node/395,/programs/human-services-minor
node/396,/programs/finance-minor
node/397,/programs/engineering-management-minor
node/398,/programs/electrical-engineering-technology-minor
node/399,/programs/criminal-justice-minor
node/400,/programs/computer-science-minor
node/401,/programs/community-health-minor
node/402,/programs/civil-engineering-technology-construction-minor
node/403,/programs/accounting-minor
node/404,/programs/special-education-early-childhood-adapted-curriculum_o
node/405,/programs/special-education-general-elementary-licensure_o
node/406,/programs/online-psychology-degree
node/407,/programs/interdisciplinary-studies-professional-writing
node/408,/programs/occupational-studies-training-specialist
node/409,/programs/industrial-technology-degree-online
node/410,/programs/nursing-rn-to-bsn-online
node/411,/programs/nuclear-engineering-technology
node/412,/programs/mechanical-engineering-technology
node/413,/programs/medical-laboratory-science-degree-online
node/414,/programs/marketing-bsba
node/415,/programs/management-bsba
node/416,/programs/information-systems-and-technology
node/417,/programs/human-services
node/418,/programs/health-sciences-human-services-minor
node/419,/programs/general-engineering-technology-electromechanical-systems_o
node/420,/programs/finance-bsba
node/421,/programs/teacher-preparation-primary-elementary-education_o
node/422,/programs/eet-electrical-systems-technology_o
node/423,/programs/eet-computer-engineering-technology
node/424,/programs/dental-hygiene
node/425,/programs/computer-science-degree-online
node/427,/programs/communication
node/428,/programs/civil-engineering-technology
node/429,/programs/business-administration
node/430,/programs/public-service
node/431,/programs/accounting-degree
node/432,/programs/health-sciences-health-services-administration
node/433,/programs/business-administration-minor
node/434,/programs/engineering-management-masters-degree-online
node/435,/programs/autism-spectrum-disorders
node/436,/programs/aerospace-engineering
node/437,/programs/criminal-justice
node/438,/test-page
node/439,/plus-benefits
node/440,/forms
node/441,/staff/andrea-morgan-keeles
node/442,/about-us
node/443,/about-us/glance
node/444,/admissions
node/445,/admissions/undergraduate
node/446,/online-experience/student-support
node/447,/online-experience/technical-support/online-class-behavior
node/448,/online-experience
node/449,/online-experience/technical-support
node/450,/online-experience/technical-support/web-conference-courses
node/451,/online-experience/how-succeed-odu-online-student
node/452,/online-experience/coursework
node/453,/academics/exams-and-proctors
node/454,/online-experience/coursework/exams-and-proctors/find-proctor-hampton-roads
node/455,/online-experience/coursework/exams-and-proctors/find-proctor-virginia
node/456,/online-experience/coursework/exams-and-proctors/find-proctor-arizona-or-washington
node/457,/online-experience/coursework/exams-and-proctors/third-party-proctor-instructions-o
node/458,/online-experience/coursework/proctoru
node/459,/online-experience/coursework/navy-college-exams
node/460,/online-experience/coursework/procedures-mem-portable-media-courses
node/462,/online-experience/submitting-coursework-and-exams/mem-npace-proctor-guidelines
node/463,/cost
node/466,/admissions/graduate
node/467,/admissions/non-degree
node/468,/admissions/military-students
node/469,/admissions/international
node/470,/about-us/our-experience-online-and-distance-learning
node/471,/about-us/our-experience-online-and-distance-learning/teaching-technology-award
node/472,/about-us/our-experience-online-and-distance-learning/teaching-technology-award-recipients
node/473,/about-us/our-experience-online-and-distance-learning/faculty
node/475,/about-us/accreditation
node/476,/about-us/state-authorization-licensure
node/478,/academics/programs-in-washington-state
node/479,/about-us/state-authorization-licensure/state-contact-information-distance-learning-students
node/480,/about-us/rankings-and-recognition
node/481,/about-us/rankings-and-recognition/top-programs
node/482,/online-experience/taking-classes-online
node/483,/academics/advising-and-degree-planning
node/484,/academics
node/490,/minor
node/492,/about-us/contact-us
node/493,/admissions/policies-and-student-responsibilities
node/494,/staff-directory
node/496,/info-international-students
node/497,/cost/international-student-scholarship
node/498,/academics/upcoming-online-courses
node/499,/academics/how-register-courses
node/500,/academics/how-get-course-materials
node/508,/partners
node/509,/partners/blue-ridge-community-college-0
node/510,/new-enrollment-checklist
node/511,/admissions/military-students/navy-college-enrollment-checklist
node/512,/online-experience/student-experiences
node/513,/online-experience/top-questions-answered
node/514,/cost/military-scholarship-opportunity
node/515,/admissions/military-students/navy-college-ratings-and-roadmaps_o
node/516,/academics/mem-portable-media-course-list
node/517,/home
node/518,/accounting-bsba-curriculum
node/519,/programs/english-applied-language-studies-minor
node/520,/military-form
node/521,/online-experience/coaching-and-advising
node/522,/academics/plus-odu-partnerships
node/523,/academics/early-start-mpa-current-odu-undergraduates
node/524,/academics/linked-bachelor-mba
node/525,/academics/plus-odu-partnerships/plus-odu-full-programs
node/527,/academics/military-affiliations-and-partners
node/528,/academics/higher-education-centers
node/529,/staff/james-palmer
node/530,/staff/kristin-white
node/531,/resources/top-five-tips-online-learners-full-time-job
node/533,/stats-and-outcome-variants_o
node/534,/programs/bachelor-in-computer-science/computer-science-long-range_o
node/535,/resources/5-ways-organize-notes-your-online-college-classes
node/536,/resources/10-tips-critical-online-learning-success
node/537,/resources/study-netiquette-five-rules-being-good-online-classmate
node/538,/resources/five-misconceptions-about-attending-college-online
node/539,/resources/four-things-know-applying-job-or-internship-right-out-college
node/540,/resources/how-balance-parenthood-earning-your-degree-online
node/541,/resources/how-get-back-college-after-time
node/542,/resources/academic-resources-oduonline-student
node/543,/resources/oduonline-students-guide-odu-traditions
node/544,/resources/how-set-your-study-area-online-learning-success
node/545,/academics/accelerated-degrees
node/546,/admissions/once-youre-accepted
node/547,/info-prospective-students
node/548,/admission-mem-portable-media
node/549,/programs/medical-laboratory-science/upcoming-online-courses/medical-laboratory-science-long-range-plan_o
node/550,/cost/undergraduate-cost
node/551,/cost/graduate-cost
node/552,/cost/military-cost-aid
node/554,/online-experience/technical-support/get-started-web-conference-courses/desktop-install-and-test
node/555,/online-experience/technical-support/get-started-web-conference-courses/connect-audio-and-video-o
node/557,/online-experience/technical-support/get-started-web-conference-courses/using-webex-in-class-o
node/563,/online-experience/technical-support/get-started-web-conference-courses/find-and-access-class-o
node/564,/admissions/transfer
node/565,/admissions/application-dates-deadlines
node/566,/admissions/find-your-enrollment-coordinator
node/567,/info-current-students
node/568,/info-transfer-students
node/569,/about-us/main-campus
node/570,/info-military-students
node/571,/academics/continuing-education
node/572,/news-and-events
node/573,/thank-you-inq
node/574,/inquiries
node/575,/callout-visual
node/576,/info/get-started-2018-blue
node/577,/thank-you-cepd
node/578,/thank-you-exp
node/579,/thank-you-mem
node/580,/news/international-oduonline-scholarship-recipient-aims-master-data-science
node/581,/404-page
node/582,/ready-apply
node/583,/admissions/transfer/vccs-partnership
node/584,/academics/military-program-contacts
node/585,/video/commencement-ceremonies
node/586,/video/class-archives
node/587,/online-experience/technical-support/get-started-web-conference-courses/webex-quick-connect-browser-o
node/589,/info/get-started-2018
node/590,/info/degree-compl-fall-2018
node/591,/info/get-started-2018-orange
node/592,/info/get-started-2018-yellow
node/593,/info/graduate-programs-fall-2018
node/594,/info/transfer-fall-2018
node/595,/video/online-class
node/597,/video/fall-2018-web-conference-class-launch-pages
node/598,/news/odu-ranked-among-best-online-programs-us-news-and-world-report
node/600,/online-experience/student-support/academic-resources-overview
node/610,/video/fall-2015-web-conference-class-launch-pages
node/615,/academics/batten-college-of-engineering-and-technology-online-programs
node/616,/academics/college-of-health-sciences-online-programs
node/620,/video/spring-2014-web-conference-class-launch-pages
node/623,/video/professional-human-resource-management-o
node/625,/alert/view
node/626,/about/oduglobal-style-guide
node/627,/student-orientation-access
node/628,/info/military-ta
node/629,/info/metro-spring
node/630,/info/international
node/631,/info/video-2019
node/632,/info/ppc
node/633,/info/ppc-grad
node/634,/info/puzzle-2019-V.1
node/635,/info/nova-2019
node/636,/programs/fashion-merchandising
node/637,/info/puzzle-2019-V.2
node/638,/info/puzzle-2019-V.3
node/639,/staff/matt-thyssen
node/640,/forming/sample-test-sffa
node/643,/video/fall-2019-course-launch-pages
node/647,/info/arrow-ad-static-spring-2019
node/649,/info/schedule-ad-animated-spring-2019
node/651,/info/wordcloud-ad-animated-spring-2019
node/652,/info/arrow-ad-animated-spring-2019
node/653,/video/nurs-orient
node/654,/info/video-grad-2019
node/655,/info/podcast-grad-2019
node/656,/info/podcast-transfer-2019
node/657,/info/stat-military-affordable-2019
node/658,/info/stat-best-vets-camo-2019
node/659,/info/stat-best-vets-blue-2019
node/660,/info/stat-virginia-coast-2019
node/661,/info/stat-virginia-mtn-2019
node/662,/info/stat-info-tech-2019
node/663,/info/stat-elec-eng-2019
node/664,/info/stat-nontrad-2019
node/665,/info/stat-eng-value-2019
node/666,/info/stat-women-stem-2019
node/667,/info/soc-grad-rank-2019
node/668,/programs/nursing-psychiatric-mental-health
node/669,/info/affordable-soc-2019
node/670,/info/soc-coach-2019
node/671,/info/soc-connect-2019
node/672,/info/transfer-vccs-2019
node/673,/info/soc-flexible-2019
node/674,/info/soc-video-2019
node/675,/info/soc-complete-2019
node/676,/info/soc-eval-2019
node/677,/info/soc-grad-exp-2019
node/678,/online-experience/coursework/exams-and-proctors/smarterproctoring
node/679,/staff/chris-weller
node/680,/staff/troy-lemon
node/682,/programs/marketing-education-degree-online
node/683,/programs/special-education-general-elementary-licensure
node/684,/programs/teaching-elementary-education-degree
node/687,/programs/technology-education
node/688,/programs/public-health-bs
node/689,/programs/library-and-information-studies
node/690,/programs/library-information-studies-school-librarian
node/691,/programs/professional-leadership
node/692,/programs/military-children-families-o
node/693,/programs/tesl-certificate
node/694,/staff/alex-butterfield
node/695,/staff/dan-whiting
node/697,/ask/dnp-vanurse-spring-2019
node/698,/news/odu-ranked-no-1-va-online-college-onlinecollegescom
node/699,/programs/nursing-psychiatric-mental-health-dnp
node/700,/staff/melissa-ferguson
node/701,/staff/drucilla-owenby
node/702,/staff/julie-elopre
node/703,/staff/amanda-haywood
node/704,/staff/joshua-boger
node/705,/resources/turning-troops-teachers
node/706,/programs/applied-behavior-analysis
node/707,/resources/odu-communication-professors-win-effective-practice-award
node/708,/info/social-ad-affordability-2019-2a
node/709,/info/social-ad-affordability-2019-2b
node/710,/info/metro
node/711,/info/test-video
node/713,/staff/amanda-burbage
node/714,/info/transfer-social-20
node/715,/info/transfer-affordable-social-20
node/716,/info/transfer-military-social-20
node/717,/info/transfer-flexible-social-20
node/718,/news/international-oduonline-scholarship-recipient-plans-pursue-engineering
node/720,/info/grad-flexible-social-20
node/721,/info/grad-supportive-social-20
node/722,/info/grad-affordable-social-20
node/723,/info/grad-career-social-20
node/724,/info/adult-flexible-social-20
node/725,/info/adult-your-pace-social-20
node/726,/info/adult-your-schedule-social-20
node/727,/info/adult-supportive-social-20
node/728,/info/transfer-video-social-20
node/729,/info/grad-video-social-20
node/730,/info/adult-audience-video-social-20
node/731,/programs/real-estate-degree
node/732,/programs/risk-management-and-insurance
node/733,/programs/nursing-rn-to-bsn-online/long-range-plan_o
node/734,/programs/computer-engineering-bachelor-degree
node/736,/info/vcca
node/737,/info/nextstep
node/739,/info/military21
node/740,/staff/avp-marketing
node/741,/programs/sociology/curriculum
node/745,/programs/embedded-systems-engineering-technology-eet/curriculum
node/746,/info/adult-fall-2019-grad
node/747,/info/transfer-fall-2019-jacket
node/748,/info/grad-fall-2019-papers
node/749,/staff/rachael-friedenberg
node/750,/video/sotu-archives
node/751,/staff/kris-nario
node/752,/programs/risk-management-and-insurance-minor
node/753,/staff/carley-toms
node/754,/staff/breanna-wills
node/755,/staff/leon-bazemore
node/756,/staff/dave-bennett
node/757,/staff/natalia-bowman
node/758,/staff/duncan-brown
node/759,/staff/andre-jones
node/760,/staff/kaitlyn-justice
node/761,/staff/kenneth-langslow
node/762,/staff/james-pulley
node/763,/staff/adrian-shaw
node/764,/staff/richard-smith
node/765,/staff/brett-treon
node/766,/staff/brandon-foster-gray
node/767,/staff/mark-smith
node/768,/staff/darryl-anthony
node/769,/staff/scott-smith
node/770,/staff/victor-bowen
node/771,/staff/dwayne-larkin
node/772,/staff/brent-franklin
node/774,/tcc-plusodu-content
node/775,/programs/communication/curriculum
node/776,/news/old-dominion-university-celebrates-25-years-partnership-virginia-community-college-system
node/777,/staff/cayla-young
node/778,/staff/kermitra-tweedy
node/779,/staff/latia-allen
node/780,/news/old-dominion-online-human-services-program-named-among-best-nation
node/781,/ty-eab
node/782,/info/adult-competitive-social-winter-20
node/783,/info/adult-goals-social-winter-20
node/784,/info/adult-flexible-social-winter-20
node/785,/info/grad-advance-social-winter-20
node/786,/info/grad-career-social-winter-20
node/787,/info/grad-faculty-social-winter-20
node/788,/info/transfer-ranked-social-winter-20
node/789,/info/transfer-credit-social-winter-20
node/790,/info/transfer-support-social-winter-20
node/791,/info/transfer-flexibility-social-winter-20
node/792,/ask/oeas-rivers-sea
node/793,/ask/dnp
node/794,/programs/geography-degree
node/795,/programs/political-science-degree
node/797,/programs/criminal-justice/curriculum
node/798,/programs/psychology/curriculum
node/799,/info/grad-video-social-winter-20
node/800,/info/transfer-video-social-winter-20
node/801,/info/adult-video-social-winter-20
node/802,/staff/chrysoula-malogianni
node/803,/staff/gia-smith
node/804,/staff/kendra-neal
node/806,/escc-plusodu-content
node/807,/info/transfer-digital-winter-20
node/808,/info/adult-digital-winter-20
node/809,/info/grad-digital-winter-20
node/810,/info/remarket-digital-winter-20
node/811,/programs/engineering-management-systems-phd
node/812,/programs/cybersecurity-bachelors/curriculum
node/813,/resources/how-finish-college-online
node/814,/programs/accounting-degree/curriculum
node/815,/programs/management-bsba/curriculum
node/816,/news/trailblazing-odu-bsn-graduate-start-chkd
node/817,/programs/marketing-bsba/curriculum
node/818,/programs/information-systems-and-technology/curriculum
node/819,/programs/finance-bsba/curriculum
node/820,/programs/risk-management-and-insurance/curriculum
node/821,/programs/real-estate-degree/curriculum
node/822,/programs/computer-science-degree-online/curriculum
node/823,/programs/dental-hygiene/curriculum
node/824,/programs/medical-laboratory-science/curriculum
node/825,/programs/public-health-bs/curriculum
node/826,/programs/health-sciences-health-services-administration/curriculum
node/827,/programs/nursing-rn-to-bsn-online/curriculum
node/828,/programs/human-services/curriculum
node/829,/programs/industrial-technology-degree-online/curriculum
node/830,/programs/occupational-studies-training-specialist/curriculum
node/831,/programs/teacher-preparation-primary-elementary-education/curriculum
node/832,/programs/special-education-general-elementary-licensure/curriculum
node/833,/programs/computer-engineering-bachelor-degree/curriculum
node/834,/news/oduonline-plays-key-role-nasa-partnership
node/835,/programs/mechatronics-systems-engineering-technology-eet/curriculum
node/836,/programs/power-systems-engineering-technology-eet/curriculum
node/837,/programs/communications-systems-engineering-technology-eet/curriculum
node/838,/programs/eet-computer-engineering-technology/curriculum
node/839,/programs/nuclear-engineering-technology/curriculum
node/840,/news/oduonline-multimedia-designer-attends-star-wars-premiere
node/841,/programs/met-manufacturing-systems-mechanical-system-design/curriculum
node/842,/programs/civil-engineering-technology/curriculum
node/844,/news/odu-board-visitors-member-has-history-distance-learning
node/845,/programs/geography-minor
node/846,/news/six-odu-programs-top-100-online-programs-nation
node/847,/programs/political-science-minor
node/848,/programs/leadership-degree-online/curriculum
node/849,/online-experience/how-succeed-portable-media
node/850,/programs/homeland-security-certificate
node/851,/nova-plusodu-content
node/853,/info/mba-ppc-feb-20
node/855,/programs/interdisciplinary-studies-professional-writing/curriculum
node/856,/programs/geography-degree/curriculum
node/857,/programs/political-science-degree/curriculum
node/858,/programs/technology-education/curriculum
node/859,/programs/marketing-education-teaching-degree-online/curriculum
node/860,/programs/cybercrime/curriculum
node/861,/info/mba-2020
node/862,/academics/concurrent-nursing-program
node/863,/vhcc-plusodu-content
node/864,/academics/choose-right-online-bachelor-degree-program
node/866,/vpcc-plusodu-content
node/867,/info/test-content-landing-page
node/868,/online-experience/covid-19-online-shift
node/869,/partners/covid-19-operating-statuses
node/870,/brightpoint-plusodu-content
node/871,/laurel-ridge-plusodu-content
node/872,/reynolds-plusodu-content
node/873,/online-experience/covid-19-online-shift/policies
node/874,/resources/working-adults-parents-can-find-success-oduonline
node/875,/info/April-20-Time-Off
node/876,/info/april-20-parenthood
node/877,/info/April-20-Legacy-Social
node/878,/info/april-20-step-social
node/879,/info/april-20-transfer
node/880,/info/april-20-legacy-online-learning
node/881,/info/april-20-full-support
node/882,/info/april-20-plan-path-your-degree
node/883,/info/april-20-flexible-degrees-busy-parents
node/884,/info/april-20-every-credit
node/885,/zbg
node/886,/resources/how-determine-best-value-online-colleges
node/887,/info/nursing-social-20
node/888,/info/cybersecurity-social-20
node/889,/info/san-diego
node/890,/staff/chrystal-trapani
node/891,/programs/fashion-merchandising/curriculum
node/893,/info/nursing-2-social-20
node/894,/news/odu-vccs-work-group-takes-aim-generation-next-college-education-virginia
node/895,/info/innovations-online-chemistry-courses
node/896,/info/forward
node/897,/info/video-social-20
node/898,/programs/industrial-training-cert
node/899,/programs/communication-masters
node/900,/programs/biology
node/902,/info/august-nursing-social-20
node/903,/test/lp
node/904,/info/august-dh-social-20
node/905,/info/august-transfer-social-20
node/906,/info/august-transfer-social-20-2
node/907,/info/august-grad-social-20
node/908,/info/august-grad-social-20-2
node/910,/programs/entrepreneurship-minor
node/912,/test-related-or-featured-content
node/913,/programs/supply-chain-management-certificate
node/914,/info/metro20
node/915,/staff/emilie-martin
node/916,/staff/eric-cosio
node/917,/geico-associate
node/919,/geico-associate/courses
node/920,/news/oduonline-supports-nasa-summer-program-following-distancing-guidelines
node/921,/news/new-study-discovers-secret-successful-studentprofessor-connections-online-college-classes
node/922,/programs/school-library-practice
node/923,/resources/navy-vet-earns-mpa-online-odu-and-enjoys-second-career-helping-veterans
node/924,/resources/army-vet-graduates-bsba-finance-through-oduonline-excels-business
node/925,/info/militaryfull
node/926,/video/spring-2021-class-launch-pages
node/927,/academics/school-of-cybersecurity-online-programs
node/928,/academics/graduate-school-online-programs
node/929,/programs/test-program-page-elements
node/930,/info/winter-fact-social-20
node/931,/info/online-experience
node/932,/wcc-plusodu-content
node/933,/brcc-plusodu-content
node/934,/cvcc-plusodu-content
node/935,/phcc-plusodu-content
node/936,/pvcc-plusodu-content
node/937,/rcc-plusodu-content
node/938,/academics/linked-bsph-mph
node/939,/info/dec-20-graduate
node/940,/info/dec-20-nursing
node/941,/info/dec-20-computer-science
node/942,/info/dec-20-business
node/943,/info/dec-20-undergrad3
node/944,/info/dec-20-undergrad2
node/945,/mecc-plusodu-content
node/946,/mgcc-plusodu-content
node/947,/gcc-plusodu-content
node/948,/svcc-plusodu-content
node/949,/swcc-plusodu-content
node/950,/nrcc-plusodu-content
node/951,/camp-plusodu-content
node/952,/dcc-plusodu-content
node/953,/yc-plusodu-content
node/954,/oc-plusodu-content
node/955,/pc-plusodu-content
node/956,/svc-plusodu-content
node/957,/vwcc-plusodu-content
node/958,/programs/marketing-education-teacher-licensure-endorsement
node/959,/programs/electrical-computer-engineering-masters-degree/courses
node/960,/info/LM-dec-20-undergrad2
node/961,/info/LM-dec-20-graduate
node/962,/programs/business-analytics-degree
node/963,/programs/business-analytics-minor
node/964,/info/mba-2021
node/965,/resources/online-cybersecurity-degree-job-opportunities
node/966,/programs/biology-minor
node/968,/news/old-dominion-university-announces-partnership-iraqs-cihan-university
node/969,/programs/real-estate-minor
node/970,/news/us-news-ranks-odu-among-best-online-programs-2021
node/971,/programs/occupational-safety-certificate
node/972,/programs/occupational-safety-graduate-certificate
node/976,/info/transferac
node/977,/info/transfera
node/978,/info/transfersat
node/979,/info/transfernm
node/980,/programs/maritime-trade-supply-chain-management
node/985,/info/30plus21
node/987,/programs/economics-minor
node/988,/programs/economics-degree
node/989,/news/old-dominion-university-announces-partnership-geico
node/990,/admissions/monarch-shorts
node/991,/online-experience/career-services
node/992,/info/mvph21
node/993,/info/mvhmsv21
node/994,/info/mvnurse21
node/995,/info/mvcyber21
node/996,/info/mvcj21
node/997,/staff/sarah-camp
node/998,/resources/building-your-future-entrepreneur-online-degree
node/999,/staff/smruti-shah
node/1000,/geico-associate/info-sessions
node/1001,/info/summer-2021
node/1002,/info/mv-teched-21
node/1003,/info/mv-edlead-21
node/1004,/info/mv-mlis-21
node/1005,/info/mv-read-21
node/1006,/info/mv-speced-21
node/1007,/staff/solongo-tsolmon
node/1008,/staff/andy-grizzard
node/1009,/staff/katie-ferrara
node/1010,/resources/find-career-online-supply-chain-management-program
node/1012,/info/metro21
node/1013,/video/summer-2021-class-launch-pages
node/1014,/news/old-dominion-university-hosts-200-virtual-online-education-conference
node/1015,/resources/how-research-online-degree-programs
node/1016,/resources/advice-computer-science-pro-laura-deaner
node/1017,/news/odu-partners-women-defense-greater-hampton-roads-virtual-networking
node/1018,/staff/na-twand-anderson
node/1019,/resources/prepare-start-your-online-college-classes-checklist
node/1020,/resources/top-tips-successful-online-college-students
node/1021,/resources/six-things-do-your-first-day-online-college-classes
node/1022,/staff/hilary-johnson-lutz
node/1023,/staff/christina-shores
node/1024,/mcc-plusodu-content
node/1025,/programs/political-science-degree/curriculum2
node/1026,/partners/education
node/1027,/resources/how-catch-up-if-you-miss-online-college-class
node/1028,/news/oduonline-studio-center-win-telly-award
node/1029,/news/old-dominion-university-international-scholarship-winner-pursue-flooding-solutions
node/1030,/resources/how-stay-ahead-your-online-college-classes
node/1032,/resources/top-questions-ask-enrolling-online-bachelors-degree-program
node/1033,/programs/public-health-mph-online
node/1034,/staff/jenna-ashley
node/1035,/resources/college-essay-completion-checklist
node/1036,/programs/special-education-adapted-curriculum-k-12
node/1037,/info/team-monarch
node/1038,/programs/data-science-analytics-masters
node/1039,/programs/public-health-mph-online/applied-epidemiology-data-analytics
node/1040,/programs/public-health-mph-online/health-behavior-promotion
node/1041,/programs/public-health-mph-online/global-environmental
node/1042,/programs/communication-minor
node/1043,/programs/computer-engineering-minor
node/1044,/programs/environmental-health-minor
node/1045,/programs/media-studies-minor
node/1046,/programs/medical-laboratory-studies-minor
node/1047,/programs/maritime-and-supply-chain-management-minor
node/1048,/programs/impact-technology-minor
node/1049,/resources/oduglobal-advising-experience
node/1050,/resources/key-terms-oduglobal-students
node/1051,/video/fall-2021-class-launch-pages
node/1052,/thank-you-ep
node/1053,/programs/international-business-minor
node/1054,/programs/sociology-minor
node/1055,/news/odu-announces-partnership-maricopa-county-community-college-district
node/1056,/programs/program-page-seo-options-testing
node/1057,/info/boys-state
node/1058,/programs/neonatal-physician-assistant-certificate
node/1059,/news/virginia-critical-teacher-shortage-odu-online-program-working
node/1060,/cost/scholarships
node/1061,/programs/energy-engineering-minor
node/1062,/staff/steve-benton
node/1063,/info/drive
node/1064,/staff/alexandria-pierre-saint
node/1065,/info/nvtc
node/1066,/partners/guild-associate
node/1067,/programs/childrens-rights-minor
node/1068,/programs/fnp-post-professional-cert
node/1069,/info/helping-hand
node/1070,/info/right-fit
node/1071,/ask/oceanography-106n
node/1072,/programs/adult-gerontology-cns-post-msn-certificate
node/1075,/programs/reading-literacy-masters-degree
node/1076,/staff/merene-victor
node/1077,/clone-form-checkbox-test
node/1078,/thank-you-transfer
node/1079,/staff/gaby-magana
node/1081,/ask/stars-stripes
node/1083,/staff/thomas-smith
node/1084,/staff/dakotah-atkinson
node/1085,/staff/ordaz-jeter
node/1086,/staff/dannette-robinson
node/1087,/video/spring-2022-class-launch-pages
node/1088,/info/grad-strategy
node/1089,/ask/stars-stripes-support
node/1090,/ask/stars-stripes-programs
node/1092,/staff/catherine-moss
node/1094,/programs/cyber-risk-management-cert
node/1095,/programs/educational-leadership-phd
node/1096,/staff/john-mcclernan
node/1097,/news/international-oduonline-scholarship-recipient-plans-pursue-civil-engineering
node/1098,/staff/attahir-rabiu
node/1099,/staff/armando-cartagena
node/1100,/staff/mason-cohen
node/1101,/staff/craig-marble
node/1102,/programs/environmental-issues-management-minor
node/1103,/news/oduonline-grad-named-aasl-emerging-leader
node/1104,/resources/why-oduonline-graduate-should-join-odu-alumni-network
node/1105,/resources/online-college-students-guide-university-calendar
node/1106,/staff/lisa-guilford
node/1107,/info/all-about-you
node/1108,/news/oduonline-stands-out-us-news-rankings-veterans
node/1109,/resources/what-online-certificate-and-why-should-i-earn-one
node/1110,/privacy-policy
node/1111,/staff/josephine-de-fayet-de-montjoye
node/1112,/mobile-terms-and-conditions
node/1113,/info/waterside-2022
node/1114,/video/summer-2022-class-launch-pages
node/1115,/programs/teacher-leadership-graduate-certificate
node/1116,/resources/what-can-you-do-online-communication-degree
node/1117,/resources/do-you-need-degree-advance-your-career
node/1118,/resources/what-are-advantages-interdisciplinary-degree
node/1119,/resources/are-online-college-classes-actually-effective
node/1120,/news/oduonline-partners-germanna-community-college-offer-accelerated-online-degree-options
node/1121,/resources/how-do-i-obtain-my-college-transcripts-and-why-would-i-need-them
node/1122,/resources/8-ways-tell-if-earning-online-degree-right-move-you
node/1123,/staff/tarin-kovalik
node/1124,/staff/avantika-mittapally
node/1125,/resources/what-online-bachelor-science-business-administration-degree-should-i-get
node/1126,/resources/how-odu-helps-online-students-every-step-way
node/1127,/staff/miasia-king
node/1128,/programs/manufacturing-engineering-technology-met
node/1129,/news/online-instructor-wins-educator-year-award
node/1130,/staff/adrienne-giles
node/1131,/resources/how-do-you-know-if-youre-ready-apply-college
node/1133,/video/fall-2022-class-launch-pages
node/1134,/staff/kayla-baker
node/1135,/staff/kristin-grant
node/1136,/staff/jay-pinkoski
node/1137,/staff/sandra-lovelace
node/1139,/ask/odu-nationals-2022
node/1140,/staff/nina-rodriguez-gonser
node/1141,/ask/odu-nationals-2022-qr
node/1142,/staff/mandy-hippenstiel
node/1143,/programs/nursing-pmhnp-certificate
node/1144,/staff/andrew-doiron
node/1145,/staff/angelina-boatright
node/1146,/staff/dongli-zhang
node/1147,/staff/dakota-lawson
node/1148,/staff/treelle-tolbert
node/1149,/staff/kadeem-henry
node/1150,/staff/david-e-hunt
node/1151,/news/new-face-distance-learning-old-dominion-university
node/1152,/news/instructional-designer-leads-excellence-oduglobal
node/1153,/staff/adrian-speller
node/1154,/info/right-time-grad-1
node/1155,/info/right-time-grad-2
node/1156,/services-transition
node/1157,/news/janice-hawkins-makes-global-impact-oduglobal
node/1158,/info/all-about-you-v2
node/1159,/resources/what-undergraduate-degree
node/1160,/info/video
node/1161,/email/odunews12-22
node/1162,/video/spring-2023-class-launch-pages
node/1163,/thank-you-team
node/1164,/quick-links
node/1165,/info-graduate-students
node/1166,/info-degree-completion
node/1167,/info/grad-begin-v6
node/1168,/info/grad-begin-v4
node/1169,/info/transfer-finish-v1
node/1170,/staff/allison-rose
node/1171,/staff/elizabeth-howard
node/1172,/staff/shelly-kapetanakis
node/1173,/staff/helen-crompton
node/1174,/news/rachel-jones-2023-whro-emerging-leaders-advisory-board
node/1175,/info/military-video-323
node/1176,/info/degree-comp-video-323
node/1177,/info/graduate-video-323
node/1178,/info/mm23-cyber
node/1179,/info/mm23-train
node/1180,/info/mm23-engtech
node/1181,/academics/campus-change
node/1182,/staff/nikki-harris
node/1183,/staff/tracie-rayford
node/1184,/staff/shawana-ward
